index,balance
1,1000
2,995.8187134502923
3,992.1831848138871
4,982.2613529657482
5,981.3997201999888
6,982.4037925209856
7,1002.0518683714052
8,992.0313496876912
9,992.0313496876912
10,982.1110361908143
11,981.2675052394848
12,986.8986426275061
13,1006.6366154800562
14,1006.7919073816557
15,1006.7919073816557
16,1004.6614944718377
17,1000.8864027956403
18,990.8775387676839
19,1015.9797697498059
20,1015.9797697498059
21,1036.299365144802
22,1033.213386782562
23,1053.8776545182134
24,1048.953799902842
25,1038.4642619038136
26,1038.6205394451083
27,1028.2343340506573
28,1017.9519907101507
29,1038.3110305243538
30,1032.370367111902
31,1032.2975795419522
32,1031.4057721655433
33,1031.9668996581725
34,1052.606237651336
35,1073.6583624043626
36,1073.6583624043626
37,1073.6583624043626
38,1073.525993565162
39,1062.7907336295104
40,1061.8665677741806
41,1059.6207545343111
42,1049.024546988968
43,1070.0050379287475
44,1070.0481615574802
45,1091.44912478863
46,1113.2781072844025
47,1113.2781072844025
48,1135.5436694300906
49,1142.0904518559623
50,1134.901601877383
51,1134.901601877383
52,1138.7694279644984
53,1127.3817336848533
54,1116.1079163480047
55,1104.9468371845246
56,1102.0676441981363
57,1099.973258384681
58,1099.3872070584923
59,1094.8421214189211
60,1096.0945238456375
61,1095.16901356888
62,1102.9107255613485
63,1102.9107255613485
64,1091.881618305735
65,1080.9628021226777
66,1070.1531741014508
67,1062.509222857869
68,1083.7594073150265
69,1083.7594073150265
70,1074.6915887049997
71,1096.1854204790998
72,1093.6639020851214
73,1115.5371801268238
74,1108.146679365542
75,1107.6051343070628
76,1129.757236993204
77,1130.5763963191207
78,1119.2706323559296
79,1114.4367204813536
80,1112.5457430140557
81,1111.2116672606066
82,1111.8019984588386
83,1103.589824606586
84,1092.55392636052
85,1081.6283870969148
86,1070.8121032259457
87,1069.884953440898
88,1069.0961558742886
89,1066.2325054567682
90,1062.8917769687516
91,1062.8917769687516
92,1052.262859199064
93,1041.7402306070733
94,1031.3228283010026
95,1031.3228283010026
96,1021.0096000179925
97,1023.6639077301055
98,1013.4272686528044
99,1016.3503076844178
100,1013.2529868259072
101,1032.984755516716
102,1022.6549079615488
103,1043.10800612078
104,1063.9701662431955
105,1085.2495695680595
106,1082.69625241398
107,1086.8049458846774
108,1075.9368964258306
109,1065.1775274615723
110,1065.1775274615723
111,1056.7491810064157
112,1056.7491810064157
113,1052.0734106088428
114,1056.3318029851164
115,1056.7712630572364
116,1050.7668808807748
117,1069.1553012961908
118,1069.1553012961908
119,1058.4637482832288
120,1058.4637482832288
121,1058.4637482832288
122,1047.8791108003966
123,1037.4003196923925
124,1058.1483260862403
125,1079.3112926079652
126,1078.6656649783113
127,1077.5869993133329
128,1082.007869054103
129,1071.1877903635618
130,1092.611546170833
131,1114.4637770942497
132,1115.7939878664165
133,1138.1098676237448
134,1134.4347211762097
135,1123.0903739644475
136,1145.5521814437366
137,1141.2874577072346
138,1141.523066183227
139,1141.0035450870214
140,1136.0891103422643
141,1136.0891103422643
142,1124.7282192388418
143,1126.6323404352472
144,1118.707842621422
145,1107.520764195208
146,1129.671179479112
147,1126.8448828672867
148,1149.3817805246324
149,1142.20600491005
150,1140.6350095958537
151,1141.3626191704545
152,1159.3421486014743
153,1155.5301154406238
154,1155.5301154406238
155,1155.5301154406238
156,1143.9748142862177
157,1132.5350661433554
158,1155.1857674662226
159,1143.6339097915604
160,1139.5317446803515
161,1138.1115235657842
162,1147.0443756402838
163,1135.573931883881
164,1138.1069377907206
165,1160.869076546535
166,1152.5927863007191
167,1175.6446420267334
168,1175.5568254334917
169,1173.816631077732
170,1170.4450301161262
171,1177.1283404951917
172,1177.3231171270722
173,1172.8963822066742
174,1161.1674183846073
175,1184.3907667522994
176,1172.5468590847765
177,1168.3446680290979
178,1156.661221348807
179,1153.2413716076671
180,1153.0892958224003
181,1152.948048803981
182,1152.5970950574454
183,1157.9758815010507
184,1146.3961226860401
185,1169.324045139761
186,1169.324045139761
187,1174.616009325386
188,1162.869849232132
189,1159.7286306107867
190,1182.9232032230025
191,1176.9903509807327
192,1173.6564659490032
193,1208.6620457594822
194,1232.8352866746718
195,1257.4919924081653
196,1266.1237967817535
197,1291.4462727173886
198,1280.757029255045
199,1413.4900304685812
200,1409.47571878205
201,1399.7308465780459
202,1397.052349279038
203,1392.3513674402316
204,1378.4278537658292
205,1378.4278537658292
206,1367.7450378991443
207,1354.067587520153
208,1340.5269116449515
209,1340.797497396671
210,1335.6325576207068
211,1335.6325576207068
212,1335.1607309019832
213,1321.8091235929635
214,1337.4234769827747
215,1324.0492422129469
216,1310.8087497908173
217,1321.9547746810938
218,1319.4683988665465
219,1327.7223678514983
220,1354.2768152085284
221,1381.362351512699
222,1379.3195413039346
223,1384.358494917204
224,1383.8970420855649
225,1391.348795389106
226,1377.435307435215
227,1363.660954360863
228,1390.9341734480802
229,1382.5605715621805
230,1375.148557726878
231,1402.6515288814155
232,1404.3365472483533
233,1390.2931817758697
234,1376.390249958111
235,1362.62634745853
236,1389.8788744077008
237,1383.0814980375503
238,1377.4275824631552
239,1380.3525641117226
240,1407.9596153939572
241,1399.6223999854467
242,1385.6261759855922
243,1405.1879572936264
244,1416.0481751952711
245,1415.8933218103775
246,1402.6478681547321
247,1388.6213894731848
248,1383.3119547487283
249,1377.602172602507
250,1376.079726609761
251,1403.6013211419563
252,1403.1156644110667
253,1389.084507766956
254,1389.084507766956
255,1389.084507766956
256,1375.1936626892864
257,1361.4417260623934
258,1369.0175896870944
259,1360.028409575118
260,1369.4367329634576
261,1372.0243314414413
262,1370.347040082711
263,1408.7167572050214
264,1394.6295896329711
265,1380.6832937366414
266,1372.7046272987952
267,1374.1943842586547
268,1383.1634851349343
269,1410.826754837633
270,1399.4319172902228
271,1388.7836638640779
272,1410.3443384246198
273,1407.1695373164778
274,1435.3129280628073
275,1420.9597987821792
276,1406.7502007943574
277,1392.6826987864138
278,1392.6826987864138
279,1387.5826253022153
280,1387.5826253022153
281,1387.5826253022153
282,1397.3297547867
283,1405.4264318705082
284,1391.3721675518032
285,1398.7314914132326
286,1384.7441764991001
287,1477.151857188225
288,1485.3286074686605
289,1480.0276113784016
290,1465.2273352646175
291,1494.5318819699098
292,1490.0875323705811
293,1491.0911052327924
294,1496.4867029434802
295,1494.059967749518
296,1499.7363246162365
297,1499.044887739303
298,1529.0257854940892
299,1559.606301203971
300,1550.6918302145752
301,1550.6918302145752
302,1581.7056668188668
303,1574.6215097086015
304,1558.8752946115155
305,1590.0528005037459
306,1621.8538565138208
307,1618.3193236973616
308,1629.8107007935198
309,1644.2940663000415
310,1646.2633694141157
311,1643.7314203236417
312,1627.2941061204053
313,1659.8399882428134
314,1663.4763868036284
315,1658.7527487220643
316,1679.1585372535126
317,1662.3669518809775
318,1669.2717221174119
319,1652.5790048962376
320,1667.0294631716097
321,1650.3591685398935
322,1644.4650286522508
323,1677.354329225296
324,1677.354329225296
325,1710.9014158098018
326,1745.119444125998
327,1742.85248906493
328,1725.4239641742809
329,1708.169724532538
330,1709.4547458298684
331,1695.0470406827833
332,1678.0965702759554
333,1661.3156045731957
334,1644.7024485274637
335,1628.2554240421891
336,1611.9728698017673
337,1595.8531411037495
338,1592.023093565101
339,1589.5770713286304
340,1573.681300615344
341,1573.681300615344
342,1557.9444876091907
343,1553.56512830638
344,1545.478076953552
345,1543.5583141948694
346,1534.7995181794377
347,1519.4515229976432
348,1529.1783149441064
349,1535.182017335343
350,1531.6686654548741
351,1531.6686654548741
352,1562.3020387639717
353,1593.5480795392511
354,1585.710957836599
355,1576.744352984724
356,1571.5069154485855
357,1580.0856730063501
358,1564.2848162762866
359,1594.148435496139
360,1666.6323721726149
361,1699.9650196160671
362,1709.4395529183296
363,1692.3451573891464
364,1699.0172768027617
365,1694.8012487704643
366,1700.6100433731042
367,1734.6222442405663
368,1729.7338980356183
369,1724.1806500871094
370,1715.0011243843678
371,1697.8511131405241
372,1736.3157047302673
373,1718.9525476829647
374,1767.4230119635647
375,1749.748781843929
376,1732.2512940254896
377,1714.9287810852347
378,1714.9287810852347
379,1700.4908431259005
380,1683.4859346946414
381,1678.765393189146
382,1678.765393189146
383,1712.3407010529288
384,1746.5875150739873
385,1745.9235231261082
386,1740.2623542091596
387,1728.8292352541807
388,1730.3546728146994
389,1773.613539635074
390,1755.877404238723
391,1738.3186301963358
392,1720.9354438943724
393,1713.4504114215306
394,1711.1651839244096
395,1711.0784877782958
396,1705.017283587025
397,1705.6474602408425
398,1701.4943418754983
399,1703.2778033878928
400,1706.0689917384377
401,1700.2062116980994
402,1690.8304043565456
403,1685.0342875130098
404,1668.1839446378797
405,1651.502105191501
406,1650.876330093982
407,1652.3994600413898
408,1635.8754654409759
409,1619.5167107865661
410,1603.3215436787004
411,1587.2883282419134
412,1619.0340948067517
413,1611.0471222369883
414,1597.7626590881557
415,1591.7097242012367
416,1591.7097242012367
417,1588.6521200435343
418,1572.765598843099
419,1557.037942854668
420,1551.6886851421878
421,1551.6886851421878
422,1551.6886851421878
423,1546.9285616742861
424,1577.867132907772
425,1562.0884615786943
426,1593.3302308102682
427,1577.3969285021656
428,1578.1105128269644
429,1572.7284256655125
430,1563.2891099272022
431,1563.2891099272022
432,1547.6562188279302
433,1547.6562188279302
434,1532.1796566396508
435,1524.5300243833397
436,1509.2847241395064
437,1513.0945690742274
438,1543.3564604557118
439,1540.6098091277822
440,1525.2037110365045
441,1525.2037110365045
442,1509.9516739261394
443,1494.852157186878
444,1484.9915360295313
445,1514.691366750122
446,1511.3474090261443
447,1515.618608225566
448,1506.0016646941058
449,1490.9416480471648
450,1481.9516814219967
451,1467.1321646077768
452,1469.1339089920994
453,1467.216564737991
454,1473.4481137432826
455,1482.3235461111683
456,1486.0913250243607
457,1486.0913250243607
458,1471.9734574366287
459,1468.2935237930374
460,1468.2935237930374
461,1497.659394268898
462,1493.884805551633
463,1487.9834746816834
464,1482.0143634845479
465,1482.0143634845479
466,1486.1811436490802
467,1486.1811436490802
468,1515.904766522062
469,1515.904766522062
470,1546.2228618525032
471,1543.2776754489742
472,1539.2231471182092
473,1539.4536759305656
474,1524.0591391712599
475,1524.8513813669526
476,1517.8542278420653
477,1509.9370252338765
478,1508.4507819422768
479,1505.6246725721558
480,1519.7339855415414
481,1550.1286652523722
482,1548.4247408094818
483,1544.2277274783385
484,1575.1122820279052
485,1571.0566962110115
486,1685.845193530959
487,1685.845193530959
488,1719.5620974015783
489,1716.087755708128
490,1750.4095108222907
491,1732.9054157140679
492,1715.5763615569272
493,1715.5763615569272
494,1717.6562209909525
495,1700.479658781043
496,1691.7369504411463
497,1691.7369504411463
498,1674.8195809367348
499,1708.3159725554697
500,1705.8679889087302
501,1727.6159270580777
502,1722.4052553015042
503,1705.181202748489
504,1693.1841735130795
505,1727.047856983341
506,1727.272336998295
507,1709.999613628312
508,1738.2481366573716
509,1728.769704119221
510,1716.271672059139
511,1713.0300465371731
512,1701.7061379664715
513,1735.740260725801
514,1742.029174713938
515,1724.6088829667985
516,1707.3627941371305
517,1741.5100500198732
518,1761.1244289260972
519,1757.3712129300247
520,1749.682713873456
521,1784.676368150925
522,1820.3698955139437
523,1811.6608087718039
524,1802.8142996066679
525,1808.739190187097
526,1810.533574304346
527,1792.4282385613026
528,1774.5039561756896
529,1756.7589166139328
530,1739.1913274477934
531,1721.7994141733154
532,1756.2354024567817
533,1751.9184840916353
534,1734.399299250719
535,1772.6581073224352
536,1754.9315262492107
537,1816.2839324068818
538,1852.6096110550195
539,1872.8839537666013
540,1868.194967891035
541,1862.424481503727
542,1887.6036281251754
543,1885.249728113855
544,1922.9547226761322
545,1903.725175449371
546,1891.1973619072714
547,1894.7423044244706
548,1883.6129928305204
549,1864.7768629022153
550,1846.129094273193
551,1883.0516761586568
552,1865.958406412966
553,1867.6489689555829
554,1867.0865409171645
555,1904.428271735508
556,1942.5168371702182
557,1930.2267025530232
558,1934.3292749870218
559,1929.3193305063883
560,1915.9814790617006
561,1915.9814790617006
562,1954.3011086429347
563,1951.9870425753465
564,1932.4671721495931
565,1947.8148824443463
566,1986.7711800932332
567,1978.0002438538938
568,1969.508828665632
569,1949.8137403789758
570,1930.315602975186
571,1925.8452015303114
572,1922.77567257864
573,1919.1050749521291
574,1920.1418571866682
575,1920.8850083238635
576,1959.3027084903408
577,1949.3527247618458
578,1945.7332369439841
579,1926.2759045745443
580,1964.8014226660353
581,2004.097451119356
582,2000.3063228082879
583,1999.489871247958
584,2005.1466913318825
585,2045.24962515852
586,2039.0704181236783
587,2049.9739155069856
588,2044.9284124415403
589,2044.2725554671556
590,2023.829829912484
591,2003.5915316133592
592,1983.5556162972255
593,1963.7200601342531
594,2002.9944613369382
595,2019.4511891074105
596,2010.9215881350954
597,1990.8123722537443
598,1970.9042485312068
599,1951.1952060458948
600,1990.2191101668127
601,1984.838421992439
602,1964.9900377725146
603,1955.103646735399
604,1956.9033705039774
605,1949.0534878513158
606,1929.5629529728026
607,1926.7519351432895
608,1922.0719470947845
609,1946.8565590441656
610,1985.793690225049
611,1965.9357533227985
612,1965.237512526433
613,1945.5851374011686
614,1926.129286027157
615,1925.5847524354463
616,1922.44372766197
617,1928.96945407697
618,1909.6797595362002
619,1890.5829619408382
620,1879.5167496702775
621,1917.107084663683
622,1916.6801984707417
623,1911.0036194857234
624,1916.6483331472407
625,1906.1544667078376
626,1887.0929220407593
627,1887.1511143335094
628,1882.3766220142452
629,1873.5514322323693
630,1854.8159179100455
631,1836.2677587309452
632,1817.9050811436357
633,1799.7260303321993
634,1796.5663989587229
635,1809.3417347281313
636,1803.0458700404959
637,1795.6744641940506
638,1783.454936719867
639,1780.4439089046266
640,1790.737100252978
641,1826.5518422580376
642,1822.137408733841
643,1806.5311392608887
644,1788.4658278682798
645,1771.163257735364
646,1768.8893261088247
647,1765.61138430677
648,1800.9236119929055
649,1782.9143758729765
650,1808.528075357347
651,1846.1621855960004
652,1846.1621855960004
653,1827.7005637400405
654,1864.2545750148413
655,1865.867416122997
656,1885.2738615769463
657,1922.9793388084852
658,1935.7450834497934
659,1922.2121899692997
660,1922.3727087325537
661,1918.509997215007
662,1902.316725698552
663,1945.1188520267885
664,1988.285528089077
665,1977.3820268060074
666,2016.9296673421275
667,2008.9075004092865
668,2024.4308765488124
669,2064.919494079789
670,2079.748797692879
671,2091.7268381056283
672,2091.7268381056283
673,2070.809569724572
674,2050.1014740273263
675,2164.04897456039
676,2204.1069023873583
677,2187.7954147390938
678,2198.2598992550793
679,2212.397795990178
680,2256.6457519099818
681,2234.079294390882
682,2211.738501446973
683,2209.886530979049
684,2187.7876656692583
685,2183.732793837353
686,2183.732793837353
687,2180.352719625503
688,2158.5491924292483
689,2136.963700504956
690,2133.809579409887
691,2127.679397652091
692,2170.048504732503
693,2172.040336693369
694,2215.4811434272365
695,2198.8801927684963
696,2176.8913908408113
697,2184.8881347255333
698,2205.8674088549933
699,2185.5255655327687
700,2163.670309877441
701,2163.670309877441
702,2147.1426794318954
703,2190.0855330205336
704,2192.8428349505953
705,2236.6996916496073
706,2236.6996916496073
707,2252.336306146877
708,2252.336306146877
709,2297.383032269815
710,2284.4152256068282
711,2330.103530118965
712,2343.388158305301
713,2319.9542767222483
714,2309.6064121665777
715,2322.3987941070773
716,2314.954095168958
717,2330.3977366566737
718,2331.782131351718
719,2330.6895248673136
720,2329.6275799998675
721,2306.331304199869
722,2306.331304199869
723,2300.03775606468
724,2305.4527633691678
725,2308.062709893736
726,2308.062709893736
727,2304.784378783505
728,2304.334495946805
729,2281.291150987337
730,2326.916974007084
731,2334.530608277864
732,2311.185302195085
733,2288.073449173134
734,2288.073449173134
735,2287.3152939945635
736,2270.580891659824
737,2270.580891659824
738,2247.8750827432254
739,2225.3963319157933
740,2215.5056815517232
741,2259.815795182758
742,2253.555169849352
743,2265.33303061708
744,2242.679700310909
745,2240.1275261926357
746,2240.1275261926357
747,2217.7262509307093
748,2195.548988421402
749,2197.0584283509415
750,2199.5638458569556
751,2212.29250467169
752,2190.1695796249733
753,2233.9729712174726
754,2278.6524306418223
755,2284.5729366517976
756,2281.4536577135527
757,2258.639121136417
758,2303.8119035591453
759,2349.8881416303284
760,2339.728058348432
761,2347.507432297176
762,2348.2758289424723
763,2348.3490980791007
764,2324.8656070983097
765,2301.6169510273266
766,2278.6007815170533
767,2265.6769995514005
768,2270.270936301892
769,2267.8519011731833
770,2245.173382161451
771,2222.7216483398365
772,2267.1760813066335
773,2252.443754295011
774,2240.7235525051024
775,2231.310902080228
776,2275.937120121833
777,2277.1429963898177
778,2270.221232516196
779,2270.7365553718373
780,2266.962037913089
781,2270.4123331444034
782,2268.205779721684
783,2295.027750381629
784,2272.077472877813
785,2272.077472877813
786,2275.9625519154047
787,2269.7311029466664
788,2285.19542886351
789,2275.081029447985
790,2267.235922449889
791,2244.56356322539
792,2222.1179275931363
793,2222.1179275931363
794,2199.896748317205
795,2195.795071669642
796,2191.504122133754
797,2235.3342045764293
798,2246.873945685217
799,2247.6621097784146
800,2225.1854886806304
801,2202.933633793824
802,2180.9042974558856
803,2307.5125469364975
804,2284.4374214671325
805,2280.1792761475213
806,2274.9846048813147
807,2269.9941518028954
808,2273.7422113877637
809,2301.9106291836997
810,2278.8915228918627
811,2278.8915228918627
812,2278.8915228918627
813,2292.066896231031
814,2287.4438313660216
815,2293.1378975556872
816,2270.2065185801303
817,2262.7471090650706
818,2258.6101673808203
819,2258.6101673808203
820,2243.382945951611
821,2246.4071481008014
822,2250.223897794325
823,2249.1215742645527
824,2265.2185563091903
825,2242.5663707460985
826,2229.3837170802262
827,2273.971391421831
828,2275.3954223443834
829,2269.0013172907816
830,2246.3113041178735
831,2223.848191076695
832,2235.841522271714
833,2235.841522271714
834,2228.893214771731
835,2219.8821399227922
836,2220.2663181712364
837,2198.063654989524
838,2198.3975672262695
839,2195.096567783221
840,2238.9984991388856
841,2216.608514147497
842,2222.358167687715
843,2266.8053310414693
844,2269.6067844624677
845,2266.550555845082
846,2243.8850502866308
847,2221.4461997837643
848,2217.942739416259
849,2262.301594204584
850,2256.8268396963877
851,2256.958148433891
852,2254.3503608372876
853,2254.9854956027084
854,2255.816724964976
855,2253.630814783163
856,2253.9330784527992
857,2245.855645540159
858,2241.1129086982255
859,2238.451724577004
860,2216.067207331234
861,2260.3885514778585
862,2254.00389444257
863,2299.0839723314216
864,2276.093132608107
865,2321.6149952602696
866,2317.575644205057
867,2318.582872652313
868,2295.39704392579
869,2272.4430734865323
870,2249.7186427516667
871,2227.22145632415
872,2231.912858018938
873,2259.55581543477
874,2236.9602572804224
875,2214.5906547076183
876,2214.5906547076183
877,2258.882467801771
878,2272.6901139856527
879,2318.143916265366
880,2313.186510418145
881,2319.6277307333285
882,2312.129179048672
883,2289.0078872581853
884,2266.1178083856034
885,2243.4566303017473
886,2221.0220639987297
887,2213.7720311694393
888,2201.700308613428
889,2199.7866532976573
890,2195.104574834868
891,2188.599152264733
892,2180.982604833905
893,2202.4525374892833
894,2199.0796716923433
895,2189.953660999153
896,2195.826324053088
897,2195.826324053088
898,2191.1998424126245
899,2182.715936821626
900,2176.498397250688
901,2167.520993789606
902,2145.84578385171
903,2145.84578385171
904,2139.4704449286724
905,2131.1343124849004
906,2173.7569987345983
907,2217.23213870929
908,2217.23213870929
909,2210.9765332025827
910,2188.866767870557
911,2188.866767870557
912,2188.455124897041
913,2191.664859080224
914,2191.664859080224
915,2196.189272662787
916,2202.32063140235
917,2198.135600663467
918,2195.9655480960296
919,2189.7115740479726
920,2194.7617196601923
921,2172.81410246359
922,2158.745079952823
923,2147.5270311958197
924,2146.3844366856324
925,2189.312125419345
926,2167.419004165152
927,2145.7448141235004
928,2145.7448141235004
929,2131.355997784947
930,2145.3438041863906
931,2142.275983850712
932,2147.191055053521
933,2143.3661812608243
934,2154.1075920545277
935,2172.1165285054212
936,2150.395363220367
937,2154.2471250299673
938,2150.409439609804
939,2133.734756357411
940,2112.397408793837
941,2154.6453569697137
942,2154.6453569697137
943,2154.94318142097
944,2161.720398306028
945,2162.476618516036
946,2171.897308735314
947,2150.1783356479605
948,2128.6765522914807
949,2132.264209402085
950,2174.9094935901267
951,2178.1070613041484
952,2173.4188896882406
953,2151.684700791358
954,2130.1678537834446
955,2172.7712108591136
956,2192.136752503402
957,2189.4548830721474
958,2167.560334241426
959,2210.9115409262545
960,2210.9115409262545
961,2210.9115409262545
962,2202.3856305528625
963,2180.361774247334
964,2175.5459037195465
965,2172.5568392342657
966,2175.209379561238
967,2153.457285765626
968,2150.4482839273296
969,2150.4482839273296
970,2128.9438010880563
971,2119.6827741768243
972,2120.7308514314623
973,2121.1386842875077
974,2116.8363746920186
975,2101.5300193673224
976,2080.514719173649
977,2062.4357636828995
978,2041.8114060460705
979,2028.3021735376385
980,2041.6167020271034
981,2038.6097556887917
982,2039.8311025150172
983,2039.1430834733137
984,2018.7516526385805
985,1998.5641361121945
986,1978.5784947510726
987,1958.7927098035618
988,1939.2047827055262
989,1977.9888783596368
990,1977.9888783596368
991,2017.5486559268295
992,2010.2746426942008
993,1990.1718962672587
994,1970.270177304586
995,1967.276428457334
996,1964.4619307932635
997,1964.4619307932635
998,2003.7511694091288
999,1995.9561181167956
1000,1989.1352600115379
1001,1989.340023935363
1002,1985.9520649426345
1003,1985.9520649426345
1004,1985.9520649426345
1005,1985.9520649426345
1006,1966.0925442932082
1007,1946.4316188502762
1008,1926.9673026617734
1009,1923.8631096008298
1010,1913.822178738854
1011,1894.6839569514655
1012,1883.8571914831712
1013,1865.0186195683395
1014,1862.05685865607
1015,1844.8070621974953
1016,1839.6340250167682
1017,1825.4946891220106
1018,1815.0536178659788
1019,1809.8707479976217
1020,1791.7720405176456
1021,1773.8543201124692
1022,1756.1157769113445
1023,1766.6194411820245
1024,1748.9532467702043
1025,1774.701725125422
1026,1774.701725125422
1027,1779.0342451693948
1028,1773.1476747666086
1029,1755.4161980189424
1030,1737.8620360387529
1031,1720.4834156783654
1032,1722.5075138144578
1033,1720.0282871028455
1034,1718.5618637888663
1035,1724.520615671723
1036,1719.2681145007512
1037,1719.2681145007512
1038,1728.6539149217524
1039,1723.9725436094225
1040,1714.9061259938942
1041,1712.9754369778736
1042,1695.8456826080949
1043,1729.7625962602567
1044,1719.6594863888913
1045,1754.052676116669
1046,1736.5121493555023
1047,1729.3834786316722
1048,1738.862644191546
1049,1733.2475669030107
1050,1717.5594543102727
1051,1700.38385976717
1052,1687.810915618892
1053,1721.5671339312698
1054,1715.7296822614892
1055,1713.8555589299137
1056,1718.6012032782166
1057,1752.973227343781
1058,1747.6799356376841
1059,1747.461748379802
1060,1747.461748379802
1061,1729.987130896004
1062,2117.504248217102
1063,2096.329205734931
1064,2138.2557898496293
1065,2116.873231951133
1066,2095.7044996316217
1067,2137.618589624254
1068,2161.0749031456075
1069,2204.29640120852
1070,2248.38232923269
1071,2236.9201798746954
1072,2233.5032147686697
1073,2211.168182620983
1074,2233.8191737600264
1075,2225.0722914531357
1076,2250.113534073117
1077,2295.1158047545796
1078,2323.222481919571
1079,2325.1176946390133
1080,2314.964708675415
1081,2299.7936074776253
1082,2301.1291982634243
1083,2288.097004646724
1084,2273.928829690515
1085,2272.283308543104
1086,2253.8549821891297
1087,2304.9233419121506
1088,2281.874108493029
1089,2327.5115906628894
1090,2374.0618224761474
1091,2374.299228658395
1092,2363.103689590877
1093,2409.570105574756
1094,2457.761507686251
1095,2491.8700737666586
1096,2541.7074752419917
1097,2530.920387813909
1098,2505.61118393577
1099,2495.564033091393
1100,2510.2106516633603
1101,2485.1085451467266
1102,2485.1085451467266
1103,2460.257459695259
1104,2502.838838805363
1105,2477.8104504173093
1106,2461.046473032726
1107,2457.3836209504493
1108,2457.3836209504493
1109,2458.856020227465
1110,2453.4238496824523
1111,2444.34862818952
1112,2453.580880202466
1113,2429.045071400441
1114,2423.941413972712
1115,2418.4211588367357
1116,2418.899377709952
1117,2467.2773652641513
1118,2472.433569121125
1119,2457.408007390084
1120,2432.8339273161832
1121,2408.5055880430214
1122,2384.420532162591
1123,2432.1089428058426
1124,2420.7677026958886
1125,2396.5600256689295
1126,2444.4912261823083
1127,2433.6409094391947
1128,2421.6745471475206
1129,2420.0375177333653
1130,2468.4382680880326
1131,2505.142656391631
1132,2555.2455095194637
1133,2555.2455095194637
1134,2536.590209811917
1135,2536.590209811917
1136,2526.7664211380784
1137,2513.3344578824135
1138,2519.006809359987
1139,2505.585264753799
1140,2480.529412106261
1141,2455.7241179851985
1142,2431.1668768053464
1143,2421.7012680636867
1144,2420.7978233076747
1145,2420.5137397408153
1146,2414.336761057797
1147,2443.2909842070135
1148,2492.1568038911537
1149,2483.78510660342
1150,2533.4608087354886
1151,2552.2618612813385
1152,2526.739242668525
1153,2537.789341895189
1154,2516.983695738698
1155,2510.263919027705
1156,2505.859750634054
1157,2504.8853949376953
1158,2554.9831028364492
1159,2606.082764893178
1160,2612.0255763660934
1161,2585.9053206024323
1162,2560.046267396408
1163,2568.5797549543963
1164,2619.9513500534845
1165,2638.8126084891232
1166,2612.424482404232
1167,2586.30023758019
1168,2573.733574983797
1169,2569.1125341027014
1170,2569.1125341027014
1171,2543.4214087616742
1172,2517.9871946740573
1173,2511.4755146747157
1174,2561.70502496821
1175,2554.564272211111
1176,2549.7384922168126
1177,2549.7384922168126
1178,2545.0096167574106
1179,2595.909809092559
1180,2647.8280052744103
1181,2652.9471826725025
1182,2626.4177108457775
1183,2637.0353824444196
1184,2643.9382810161387
1185,2674.728830825916
1186,2674.728830825916
1187,2665.298697127491
1188,2718.6046710700407
1189,2695.107359327553
1190,2749.009506514104
1191,2803.989696644386
1192,2860.069490577274
1193,2849.1111275911912
1194,2858.053521022766
1195,2857.970377647609
1196,2863.9617472844943
1197,2921.2409822301843
1198,2919.122082490146
1199,2919.3344504174056
1200,2890.1411059132315
1201,2879.1331849269977
1202,2850.3418530777276
1203,2850.3418530777276
1204,2907.348690139282
1205,2965.495663942068
1206,2935.8407073026474
1207,2922.2398210432716
1208,2913.5969361203956
1209,2909.802790317243
1210,2967.9988461235876
1211,2978.1965857487303
1212,2962.843937087849
1213,2988.9847825352285
1214,2990.009116942797
1215,3049.809299281653
1216,3054.720101345225
1217,3053.4796750657856
1218,3037.728227157767
1219,3021.724181265826
1220,2991.5069394531674
1221,2978.485931476995
1222,2948.701072162225
1223,2948.701072162225
1224,2942.696613783236
1225,3001.5505460589006
1226,2980.1700861213
1227,2970.8866342283004
1228,2965.414857759675
1229,2951.838864967967
1230,2949.682456148624
1231,2947.7525523854933
1232,2942.4057935792575
1233,2943.8212365994923
1234,2951.5595149543924
1235,3010.5907052534803
1236,3008.3774200461444
1237,2978.293645845683
1238,2948.510709387226
1239,3007.480923574971
1240,2991.1456767674936
1241,2982.9725675726363
1242,2971.0216319866718
1243,2964.188617184808
1244,3023.472389528504
1245,3017.9891803151563
1246,3000.536395909419
1247,3026.3815707580657
1248,3024.699366004525
1249,3085.1933533246156
1250,3101.7991908010986
1251,3163.8351746171206
1252,3149.6948430736875
1253,3140.148318152164
1254,3128.1490711295914
1255,3166.93204553573
1256,3157.4640673477816
1257,3125.8894266743036
1258,3124.3760238472332
1259,3125.9649248231635
1260,3113.6051362786834
1261,3102.987024479941
1262,3139.8261398390564
1263,3123.635387092914
1264,3111.629231533403
1265,3147.0497948318425
1266,3147.3754537946197
1267,3147.245731983026
1268,3115.7732746631955
1269,3084.6155419165634
1270,3146.3078527548946
1271,3146.3078527548946
1272,3114.8447742273456
1273,3083.696326485072
1274,3052.859363220221
1275,3047.4150973558117
1276,3108.363399302928
1277,3077.2797653098987
1278,3061.0485226209944
1279,3036.4795805315357
1280,3036.4795805315357
1281,3032.621465299802
1282,3012.389485653256
1283,3121.4587601337707
1284,3104.395562060653
1285,3109.82506047166
1286,3078.7268098669433
1287,3047.939541768274
1288,3035.546368850633
1289,3021.111602900854
1290,2990.9004868718453
1291,2990.9004868718453
1292,2986.6540949736545
1293,2990.261693258212
1294,3050.066927123376
1295,3111.0682656658437
1296,3100.940414049736
1297,3136.708687142489
1298,3154.7984062702426
1299,3123.25042220754
1300,3185.715430651691
1301,3170.0599148210595
1302,3172.161415214031
1303,3172.161415214031
1304,3179.4962177767093
1305,3181.0233533279948
1306,3181.4169721663984
1307,3179.083837039685
1308,3177.235713069936
1309,3240.780427331335
1310,3226.9750108675207
1311,3204.1829117750167
1312,3172.1410826572665
1313,3235.583904310412
1314,3220.468415324604
1315,3240.5791640348057
1316,3236.2375824927985
1317,3233.456185177207
1318,3201.121623325435
1319,3169.1104070921806
1320,3137.4193030212587
1321,3106.045109991046
1322,3103.031527083889
1323,3072.0012118130503
1324,3133.4412360493116
1325,3119.8710681739767
1326,3182.2684895374564
1327,3245.9138593282055
1328,3249.0474849365673
1329,3249.0474849365673
1330,3435.3512482347123
1331,3427.3600019834535
1332,3413.372865429516
1333,3436.806517441826
1334,3436.806517441826
1335,3436.806517441826
1336,3439.0260263112796
1337,3439.0260263112796
1338,3404.6357660481667
1339,3406.506829360787
1340,3406.506829360787
1341,3387.284654364763
1342,3422.959683795858
1343,3429.0073157460274
1344,3419.5852686171747
1345,3385.389415931003
1346,3453.0972042496232
1347,3442.2338580798923
1348,3435.693613749541
1349,3504.407486024532
1350,3492.421131437868
1351,3457.4969201234894
1352,3451.192072798568
1353,3520.2159142545393
1354,3590.6202325396303
1355,3582.815250045584
1356,3546.987097545128
1357,3536.8745960101287
1358,3532.9012920122204
1359,3509.397890111386
1360,3579.5858479136136
1361,3575.2661546136374
1362,3575.2661546136374
1363,3539.513493067501
1364,3504.118358136826
1365,3504.118358136826
1366,3574.2007252995627
1367,3645.684739805554
1368,3621.296866435559
1369,3630.6827260492996
1370,3594.375898788807
1371,3681.5827302967386
1372,3660.359279029636
1373,3623.75568623934
1374,3587.5181293769465
1375,3587.5181293769465
1376,3576.078616471971
1377,3647.6001888014107
1378,3632.882171123029
1379,3615.894378566472
1380,3618.8492559339456
1381,3613.340990698276
1382,3577.2075807912934
1383,3596.759715376713
1384,3668.6949096842472
1385,3670.4591700821843
1386,3688.325237515115
1387,3684.5192160308998
1388,3659.5073919627425
1389,3713.267925015888
1390,3696.9736898903807
1391,3660.003952991477
1392,3623.4039134615623
1393,3587.1698743269467
1394,3551.298175583677
1395,3526.5966795017025
1396,3522.5055530880218
1397,3516.2688588719607
1398,3521.421876486967
1399,3513.6319264109093
1400,3512.4515656856324
1401,3499.276322949349
1402,3464.2835597198555
1403,3507.2851436805754
1404,3472.2122922437698
1405,3546.7966710892656
1406,3617.732604511051
1407,3690.0872566012717
1408,3734.840329373152
1409,3697.4919260794204
1410,3660.517006818626
1411,4116.5447743858185
1412,4075.3793266419602
1413,4046.5240240486
1414,4048.04851303391
1415,4129.009483294588
1416,4136.229099218738
1417,4218.953681203113
1418,4303.332754827175
1419,4340.930594767555
1420,4312.718289005059
1421,4269.591106115008
1422,4226.8951950538585
1423,4184.62624310332
1424,4142.779980672287
1425,4148.505774141509
1426,4148.505774141509
1427,4231.475889624339
1428,4316.105407416826
1429,4402.427515565162
1430,4398.861472083202
1431,4354.87285736237
1432,4349.371949661032
1433,4349.371949661032
1434,4436.359388654253
1435,4406.1813947105575
1436,4494.305022604769
1437,4479.016643779887
1438,4471.806274606073
1439,4471.806274606073
1440,4483.076344110923
1441,4468.54985089239
1442,4471.348040435333
1443,4465.0566964588415
1444,4508.627519983318
1445,4486.901280338187
1446,4442.032267534804
1447,4397.611944859456
1448,4450.546162714257
1449,4425.195096192171
1450,4513.698998116015
1451,4603.9729780783355
1452,4557.933248297552
1453,4512.353915814577
1454,4467.230376656431
1455,4462.178920341787
1456,4438.937613965197
1457,4490.73836018856
1458,4478.94096966036
1459,4466.337889009799
1460,4470.76193819338
1461,4480.568579688023
1462,4435.762893891143
1463,4391.405264952232
1464,4380.51363815902
1465,4396.23322028611
1466,4384.339906979076
1467,4384.339906979076
1468,4386.740203948247
1469,4388.227669203021
1470,4351.572667970753
1471,4438.604121330169
1472,4427.460080669696
1473,4398.923300928968
1474,4398.923300928968
1475,4381.158418367526
1476,4468.781586734876
1477,4472.185000148739
1478,4472.185000148739
1479,4561.628700151714
1480,4652.861274154749
1481,4647.466782041087
1482,4651.853607748182
1483,4665.298354294943
1484,4660.67659425982
1485,4640.614350821501
1486,4659.9323126734525
1487,4634.8781840516585
1488,4588.529402211142
1489,4542.644108189031
1490,4531.194776879156
1491,4533.092613718729
1492,4530.03584137454
1493,4546.242823000117
1494,4533.956362096671
1495,4488.616798475704
1496,4486.6326358437655
1497,4482.8608298888885
1498,4459.679662938633
1499,4447.38141366405
1500,4490.589969930515
1501,4482.376661435728
1502,4489.936343045743
1503,4463.9675220346135
1504,4460.5718544323845
1505,4465.977357789743
1506,4445.231934914861
1507,4475.163619900343
1508,4564.66689229835
1509,4655.960230144317
1510,4655.887366916929
1511,4642.884438234549
1512,4627.7995441659605
1513,4661.531750228226
1514,4655.825507753578
1515,4622.136041404248
1516,4659.175643832406
1517,4665.47241804838
1518,4618.817693867896
1519,4650.9686996532355
1520,4604.459012656703
1521,4899.70439123865
1522,4919.133483400805
1523,5017.516153068821
1524,4985.682058216531
1525,4966.5926584505
1526,4916.926731865995
1527,4867.757464547335
1528,4819.079889901862
1529,4792.685548266608
1530,4783.04030114204
1531,4785.707484444955
1532,4817.257704157222
1533,4806.3365919707785
1534,4758.273226051071
1535,4710.69049379056
1536,4663.583588852654
1537,4667.886919095479
1538,4650.662881160724
1539,4627.640212795014
1540,4581.363810667064
1541,4581.363810667064
1542,4581.363810667064
1543,4572.11361070567
1544,4526.392474598613
1545,4616.920324090585
1546,4634.144038900511
1547,4631.345838144736
1548,4629.364631702923
1549,4633.242018323385
1550,4586.9095981401515
1551,4559.71530956687
1552,4556.149256321713
1553,4647.272241448148
1554,4740.217686277111
1555,4709.021391961577
1556,4712.329709042616
1557,4706.207378257206
1558,4677.374430222585
1559,4677.374430222585
1560,4659.604652866363
1561,4660.3639725726625
1562,4639.19589967054
1563,4592.803940673834
1564,4546.875901267096
1565,4501.407142254425
1566,4495.864570791555
1567,4512.562376433727
1568,4602.813623962402
1569,4591.389910652168
1570,4683.217708865211
1571,4661.542335816781
1572,4614.926912458613
1573,4610.4800047298595
1574,4600.886395407959
1575,4612.4644198901115
1576,4566.33977569121
1577,4547.128945507566
1578,4521.903653733416
1579,4612.341726808084
1580,4566.218309540003
1581,4520.556126444603
1582,4475.350565180157
1583,4564.857576483761
1584,4538.86498863673
1585,4531.728658160391
1586,4622.363231323599
1587,4714.8104959500715
1588,4699.530632859673
1589,4699.530632859673
1590,4699.530632859673
1591,4692.599789323755
1592,4645.673791430518
1593,4626.915542461619
1594,4719.453853310852
1595,4725.824806743235
1596,4725.824806743235
1597,4725.824806743235
1598,4678.566558675802
1599,4772.1378898493185
1600,4867.580647646305
1601,4818.904841169842
1602,4770.715792758144
1603,4866.130108613307
1604,4881.794168593541
1605,4878.838234855094
1606,4862.651241897925
1607,4862.651241897925
1608,4814.024729478945
1609,4814.024729478945
1610,4836.950130022286
1611,4852.229612937028
1612,4949.274205195768
1613,4965.2778075878305
1614,4915.625029511953
1615,5013.937530102192
1616,4963.79815480117
1617,5063.074117897194
1618,5065.540568076413
1619,5039.771214617889
1620,5022.9140948912855
